username,email,password
NikIs Him221,nikiskool@hotmail.com,Nikthe prick96
Suilliam Randy,randydandy@gmail.org,Randythemandy123
Myles Garret,mylesgarret@gmail.com,Garbear024
Myah Green,myahgreen@gmail.com,Mg5580c71a
London Maxwell,londonmaxwell@gmail.com,Ou3968o32a
Izabelle Wilcox,izabellewilcox@gmail.com,No1581b79a
Juliet Lynch,julietlynch@gmail.com,Qx1390a18a
Phoenix Marquez,phoenixmarquez@gmail.com,Gi5876s64a
Arianna Fritz,ariannafritz@gmail.com,Bm1277p55a
John Kaiser,johnkaiser@gmail.com,Pl9371d86a
Angelique Cardenas,angeliquecardenas@gmail.com,Ln4684b68a
Neil Cherry,NeilCherry@gmail.com,Ue6680z47a
Emmalee Davidson,EmmaleeDavidson@hotmail.com,Jz9981b70a
Linda Leach,LindaLeach@hotmail.com,Wj4790k62a
Genesis Myers,GenesisMyers@hotmail.com,Le3872t37a
Breanna Lyons,BreannaLyons@hotmail.com,Ny4585h32a
Josiah Riddle,JosiahRiddle@hotmail.com,Wa5087t55a
Axel Goodman,AxelGoodman@hotmail.com,Qn9388i35a
Amani May,AmaniMay@hotmail.com,Ep3176d73a
Coleman Malone,ColemanMalone@hotmail.com,Hl5383u25a
Lillianna Reilly,LilliannaReilly@hotmail.com,Jf6177p30a
Jean Robbins,JeanRobbins@hotmail.com,Uw5378z57a
Gilberto Vasquez,GilbertoVasquez@hotmail.com,Ax7568d79a
Aliyah Novak,AliyahNovak@hotmail.com,Yz2178n27a
Campbell West,CampbellWest@hotmail.com,Gt3989q42a
Giana Clark,GianaClark@hotmail.com,Af5771p65a
Ronan Olsen,RonanOlsen@hotmail.com,Jz8588e97a
Jada Day,JadaDay@hotmail.com,Ux5975c34a
Zavier Cooke,ZavierCooke@hotmail.com,Hi9266f78a
Jerome Best,JeromeBest@hotmail.com,Bu7389s16a
Marina Saunders,MarinaSaunders@hotmail.com,Xn1787i65a
Enrique Joyce,EnriqueJoyce@hotmail.com,Tk7482l19a
Denzel Fowler,DenzelFowler@hotmail.com,Dj4286m10a
Turner Lowery,TurnerLowery@hotmail.com,Dq7368g37a
Maurice Good,MauriceGood@hotmail.com,Bd1069k55a
Uriel Stephens,UrielStephens@hotmail.com,If6185h23a
Gilbert Carrillo,GilbertCarrillo@hotmail.com,Eb6965q63a
Abigail Kirby,AbigailKirby@hotmail.com,Ii9483j19a
Heath Garrett,HeathGarrett@hotmail.com,Ug3766j29a
Lila Potts,LilaPotts@hotmail.com,Ei8987n35a
Perla Miranda,PerlaMiranda@hotmail.com,Ji3186q40a
Braylon Middleton,BraylonMiddleton@hotmail.com,Qu6473a32a
Phoenix Frey,PhoenixFrey@hotmail.com,Na2468q91a
Aryan Valdez,AryanValdez@hotmail.com,Gr2370r18a
Julian Mclaughlin,JulianMclaughlin@hotmail.com,Pn7870q16a
Luz Joseph,LuzJoseph@hotmail.com,Gt6678d63a
Iliana Davidson,IlianaDavidson@hotmail.com,Mm1568j66a
Delaney Bryant,DelaneyBryant@hotmail.com,Ab3270w62a
Alfonso Howell,AlfonsoHowell@hotmail.com,Ta5681v58a
Macey Reyes,MaceyReyes@hotmail.com,Iu3587n43a
Leia Juarez,LeiaJuarez@hotmail.com,Ra5076a29a
Kieran Chang,KieranChang@hotmail.com,Lo8365j84a
Raegan Ibarra,RaeganIbarra@hotmail.com,Kr9766d11a
Jaelynn Scott,JaelynnScott@hotmail.com,Bs6486s52a
Imani Hicks,ImaniHicks@hotmail.com,Fy7976f53a
Cyrus Pitts,CyrusPitts@hotmail.com,Nq5987e96a
Antony Berg,AntonyBerg@hotmail.com,Xa2388e19a
Tianna Brooks,TiannaBrooks@hotmail.com,Pf9273s24a
Rhett Caldwell,RhettCaldwell@hotmail.com,Et9866f21a
Esperanza Kerr,EsperanzaKerr@hotmail.com,No8368n43a
Johnathan Santana,JohnathanSantana@hotmail.com,gK89100R74a
Maren Reid,MarenReid@hotmail.com,sE12108G28a
Sherlyn Hebert,SherlynHebert@hotmail.com,qD48101M74a
Elle Reynolds,ElleReynolds@hotmail.com,mP43116L18a
Devin Mccoy,DevinMccoy@hotmail.com,aL34112F24a
Diamond Hatfield,DiamondHatfield@hotmail.com,tE91118T68a
Mckinley George,MckinleyGeorge@hotmail.com,pW70120Q66a
Rhett Atkinson,RhettAtkinson@hotmail.com,fE18102C77a
Warren Willis,WarrenWillis@hotmail.com,bX8199G93a
Haven Mcgee,HavenMcgee@hotmail.com,iU99120M59a
Justin Giles,JustinGiles@hotmail.com,vS81119L68a
Kaiya Cantrell,KaiyaCantrell@hotmail.com,cO88115I57a
Lizbeth Campbell,LizbethCampbell@hotmail.com,bP76108T56a
Esperanza Dominguez,EsperanzaDominguez@hotmail.com,zG41111O41a
Lance Stephens,LanceStephens@hotmail.com,kA19114F90a
Harper Zamora,HarperZamora@hotmail.com,tR29115Z11a
Houston Snyder,HoustonSnyder@hotmail.com,dP29122R45a
Taliyah Parker,TaliyahParker@hotmail.com,hY4099H98a
Trystan Manning,TrystanManning@hotmail.com,mE45116Z99a
Camren Key,CamrenKey@hotmail.com,rV22104I92a
Mauricio Davies,MauricioDavies@hotmail.com,pM80119R10a
Jovanni Peterson,JovanniPeterson@hotmail.com,aE58108V61a
Trevor Landry,TrevorLandry@hotmail.com,xM1797F82a
Aliyah Barron,AliyahBarron@hotmail.com,pY52119R12a
Shayna Holt,ShaynaHolt@hotmail.com,eA32113Y39a
Brenda Sweeney,BrendaSweeney@hotmail.com,sF18117K46a
Leonel Martinez,LeonelMartinez@hotmail.com,dG95114T27a
Alex Hobbs,AlexHobbs@hotmail.com,bW55108O84a
Nataly Ochoa,NatalyOchoa@hotmail.com,zR57102N56a
Moses Ward,MosesWard@hotmail.com,qI74105V78a
Helen Reid,HelenReid@hotmail.com,cK32109S54a
Joey Cooke,JoeyCooke@hotmail.com,yR81104N71a
Rowan Cain,RowanCain@hotmail.com,zP46120A49a
Xiomara Lambert,XiomaraLambert@hotmail.com,nO1197P47a
Erick Mahoney,ErickMahoney@hotmail.com,sW58113C74a
Konnor Beard,KonnorBeard@hotmail.com,eQ4797K62a
Jesse Khan,JesseKhan@hotmail.com,dE64117L41a
Julianna Odom,JuliannaOdom@hotmail.com,qC86116Q29a
Rene Russell,ReneRussell@hotmail.com,hG34107R71a
Annabel Orr,AnnabelOrr@hotmail.com,lT98102H80a
Jaydin Fitzgerald,JaydinFitzgerald@hotmail.com,xK57108G93a
Susan Randolph,SusanRandolph@hotmail.com,rA93121K86a
Immanuel Donovan,ImmanuelDonovan@hotmail.com,bX29103C67a
Shyann Ball,ShyannBall@hotmail.com,eD41107T76a
Addisyn Carson,AddisynCarson@hotmail.com,bO64111E37a
Amaya Roach,AmayaRoach@hotmail.com,yF81120A80a
Jace Michael,JaceMichael@hotmail.com,aB25115G97a
Yael Reyes,YaelReyes@hotmail.com,eU69103F44a
Kirsten Garrett,KirstenGarrett@hotmail.com,hQ16112Q11a
Jordan Atkinson,JordanAtkinson@hotmail.com,kB15122W12a
Marisol Mcpherson,MarisolMcpherson@hotmail.com,zX48114X22a
Juan Pierce,JuanPierce@hotmail.com,nS32111B58a
Jakobe Ortiz,JakobeOrtiz@hotmail.com,pZ67122A95a
Halle Wood,HalleWood@hotmail.com,aJ39122A11a
Matthew Groves,mattyboy@icloud.com,godisgood123lovetheearth